1625340299.8320808,Room1,27.262204078265164,71.26854580873061
1625340299.8320808,Room2,27.520803335591566,64.75903424313665
1625340299.8320808,Room3,26.860211105370126,70.24001985218403
1625340299.8320808,Room4,26.264922224951338,60.63624358476276
1625340299.8320808,Room5,27.989298362875324,72.91637749866476
1625340300.0341015,Room1,27.975376487155053,60.94621597029773
1625340300.0341015,Room2,25.963472246145713,67.48758174677101
1625340300.0341015,Room3,27.577760678345662,76.67108182910628
1625340300.0341015,Room4,26.919054086257,61.3564126810421
1625340300.0341015,Room5,26.019358348480672,59.78290390419647
1625340300.236407,Room1,26.446332337010624,62.67382675102019
1625340300.236407,Room2,27.89606482702916,62.08250292121359
1625340300.236407,Room3,27.20197564039405,66.9636621534371
1625340300.236407,Room4,26.200493532964934,60.48548980017002
1625340300.236407,Room5,28.798085331980356,66.1300993663967
1625340300.4396422,Room1,27.09690677844045,69.55139786351637
1625340300.4396422,Room2,27.156973771288964,77.8842949950253
1625340300.4396422,Room3,27.098013799003894,56.03006779024837
1625340300.4396422,Room4,27.5829649395847,65.61798302918731
1625340300.4396422,Room5,26.463041529974955,77.57956714287585
1625340300.6427178,Room1,27.27671940132786,63.13914714306565
1625340300.6427178,Room2,27.72999579255214,60.36548988815446
1625340300.6427178,Room3,27.07229295624102,63.452742851204746
1625340300.6427178,Room4,26.240169336057573,60.022766630293425
1625340300.6427178,Room5,27.244250808176556,62.59566535003385
1625340687.6967509,Room1,27.522268489675447,58.86406752675479
1625340687.6967509,Room2,27.37141663636263,67.39963722933553
1625340687.6967509,Room3,27.594701689683365,62.768691796351455
1625340687.6967509,Room4,26.09952716655736,79.96773187373017
1625340687.6967509,Room5,26.155070150007962,68.86110478876051
1625340688.2009516,Room1,28.02883734135787,60.84232296988026
1625340688.2009516,Room2,26.761382480313944,63.688119517230746
1625340688.2009516,Room3,25.73825873533121,67.16207863523843
1625340688.2009516,Room4,27.538716868072974,54.48866252072604
1625340688.2009516,Room5,25.874282278025365,67.966752364808
1625340688.7027574,Room1,26.57352985796297,62.77668476932694
1625340688.7027574,Room2,26.80668734164246,55.934497797901656
1625340688.7027574,Room3,26.876746521585094,53.437978286467896
1625340688.7027574,Room4,27.159342514833728,63.18504660513385
1625340688.7027574,Room5,26.664120605853974,56.321362249570356
1625340689.2117314,Room1,26.442497232282925,59.23395242073179
1625340689.2117314,Room2,28.04352587573031,69.1180088025367
1625340689.2117314,Room3,26.6894403156688,61.71911393361171
1625340689.2117314,Room4,26.4141252009698,66.3288915337917
1625340689.2117314,Room5,27.168140054752097,62.65040574548776
1625340689.7245657,Room1,25.217124358153153,60.82723982602607
1625340689.7245657,Room2,26.286184353195765,81.73528336184809
1625340689.7245657,Room3,27.92221507824602,66.98717294059641
1625340689.7245657,Room4,25.05071396368029,53.902949861434706
1625340689.7245657,Room5,26.903082581371816,65.29835481428273
1625340690.2254713,Room1,26.532855164435045,62.20463047637513
1625340690.2254713,Room2,27.19248803768216,65.79633525801655
1625340690.2254713,Room3,26.046027540716302,67.50450786469672
1625340690.2254713,Room4,26.375444678785694,67.14739289889681
1625340690.2254713,Room5,25.54654317968604,67.95076730791013
1625340690.726227,Room1,27.22191833382783,74.9099471879448
1625340690.726227,Room2,26.190316355449315,68.04903348546597
1625340690.726227,Room3,26.1170588495763,62.352683596060785
1625340690.726227,Room4,26.689724137028524,59.536772366287906
1625340690.726227,Room5,26.588894284871824,66.90231503368125
1625340691.232874,Room1,26.859468533909507,69.62608566416951
1625340691.232874,Room2,26.254377473084364,71.50422514489853
1625340691.232874,Room3,26.349264864517032,68.3200960246559
1625340691.232874,Room4,25.287939671959094,67.44161880606286
1625340691.232874,Room5,26.64197564719517,65.62899444243521
1625340691.7460282,Room1,27.487047703761768,65.36050846787063
1625340691.7460282,Room2,26.759842947797292,56.73979733127062
1625340691.7460282,Room3,27.742411615794186,71.90082341902767
1625340691.7460282,Room4,26.951715381574516,61.929539273003996
1625340691.7460282,Room5,26.600223910576513,76.15014085660322
1625340692.255009,Room1,27.24217685981074,70.90934386194549
1625340692.255009,Room2,26.339183044688657,64.4679636603261
1625340692.255009,Room3,27.2958653028294,63.46601112628407
1625340692.255009,Room4,28.375375587239333,70.08823887915308
1625340692.255009,Room5,26.040011699483692,69.99379791551426
1625340692.7560298,Room1,27.468411819065828,63.489189791780156
1625340692.7560298,Room2,27.352805677920742,56.72650435519798
1625340692.7560298,Room3,25.83500810112857,51.64610764455404
1625340692.7560298,Room4,26.698398202034348,65.60010759794008
1625340692.7560298,Room5,27.156523691316853,72.19099922238188
1625340693.2652133,Room1,26.337859175655534,68.75643590403004
1625340693.2652133,Room2,26.434620074152733,63.90957978949319
1625340693.2652133,Room3,26.217006729658475,59.630194467867156
1625340693.2652133,Room4,27.13946003235949,58.73478249309011
1625340693.2652133,Room5,26.663182467098693,65.93002410150419
1625340693.7748497,Room1,26.34680494917233,63.413489566875434
1625340693.7748497,Room2,27.072713682391857,67.29560391847542
1625340693.7748497,Room3,25.653564345538182,70.96918408171993
1625340693.7748497,Room4,27.36252052514343,65.31535994486073
1625340693.7748497,Room5,27.510873992666415,74.74594292164616
1625340694.2757673,Room1,25.891491242689966,56.815342865630626
1625340694.2757673,Room2,27.334610161085276,63.67415466585963
1625340694.2757673,Room3,26.978329136791686,64.18920629516842
1625340694.2757673,Room4,26.107522486095736,63.74395513750495
1625340694.2757673,Room5,27.623306332911817,67.13481197746016
1625340694.7777932,Room1,25.590942355928025,66.71036985695032
1625340694.7777932,Room2,27.031208806343397,62.797885680832294
1625340694.7777932,Room3,27.913315278301233,66.66980212538799
1625340694.7777932,Room4,26.500769141950055,58.22372752508653
1625340694.7777932,Room5,27.140540670582247,68.68255327733353
1625340695.2880614,Room1,26.737109715578097,63.214877827437796
1625340695.2880614,Room2,25.805632324297015,61.6086562155793
1625340695.2880614,Room3,26.541641640971473,59.15900160799338
1625340695.2880614,Room4,27.2220455012474,65.0377371179455
1625340695.2880614,Room5,26.603391949175872,75.66527981161452
1625340695.7961185,Room1,25.603641281385528,64.13325247692927
1625340695.7961185,Room2,28.407441519946428,67.68379846902499
1625340695.7961185,Room3,27.215246343037233,65.7832059080966
1625340695.7961185,Room4,27.229960584803443,53.276720966296836
1625340695.7961185,Room5,27.482280036235128,62.58939940762871
1625340696.305793,Room1,26.312058530294234,65.0564072921611
1625340696.305793,Room2,25.525975922151407,67.63247123114306
1625340696.305793,Room3,26.11070152178364,67.15448930657811
1625340696.305793,Room4,25.829384842212654,61.741826531524076
1625340696.305793,Room5,26.53180582257845,61.42712638086479
1625340696.8061578,Room1,26.42246789141991,75.37165940589983
1625340696.8061578,Room2,26.123593848640667,60.750993197485826
1625340696.8061578,Room3,27.410639602506258,64.985697890406
1625340696.8061578,Room4,26.37637079885473,61.985881438942776
1625340696.8061578,Room5,27.031448922509945,57.05508587350887
1625340697.3199472,Room1,27.755470432111355,55.52229200647142
1625340697.3199472,Room2,27.59287093726072,57.03466026997813
1625340697.3199472,Room3,27.974534605164163,65.4023644766499
1625340697.3199472,Room4,26.36474157963233,59.45635814022911
1625340697.3199472,Room5,25.82714852232553,66.04230639904189
1625340697.8252697,Room1,26.973174067321082,61.124398760021094
1625340697.8252697,Room2,26.943112677029024,68.37730249880718
1625340697.8252697,Room3,27.712998917960775,69.02331513810051
1625340697.8252697,Room4,28.078181155806146,63.40196041495348
1625340697.8252697,Room5,26.80496132765357,64.52672963177103
1625340698.3299067,Room1,26.830978044826644,69.68924852074159
1625340698.3299067,Room2,27.821576418652562,70.15656577045772
1625340698.3299067,Room3,27.152447039933588,60.132732846844625
1625340698.3299067,Room4,25.794835580574507,70.09503054361402
1625340698.3299067,Room5,27.432652828276858,60.76418575538388
1625340698.836171,Room1,26.966916148281747,63.87643143496105
1625340698.836171,Room2,28.662618852084293,69.94369401850741
1625340698.836171,Room3,26.480646978582655,71.74298484868002
1625340698.836171,Room4,27.545746276607396,67.11367270192677
1625340698.836171,Room5,27.466682440624286,62.54145130789309
1625340699.3421028,Room1,26.998530814896657,76.25340930087529
1625340699.3421028,Room2,26.1156323737633,72.81114954501416
1625340699.3421028,Room3,26.39185950161757,71.60239618053282
1625340699.3421028,Room4,25.65514028802788,62.179152972527575
1625340699.3421028,Room5,25.985002080830085,73.39173616409462
1625340699.8528657,Room1,27.008941120881534,68.95848122589678
1625340699.8528657,Room2,26.948798696450666,60.49120045960608
1625340699.8528657,Room3,27.027630559957693,64.82971523366416
1625340699.8528657,Room4,27.50985289637398,54.302236265312295
1625340699.8528657,Room5,26.499094445296308,58.31852384542779
1625340700.3543334,Room1,27.35752714393936,75.61478302853017
1625340700.3543334,Room2,26.049929197975437,68.62050179501101
1625340700.3543334,Room3,27.266056735637484,63.62991059019395
1625340700.3543334,Room4,26.209195883048423,63.39644453180454
1625340700.3543334,Room5,26.68234380805704,69.16415420591827
1625340700.8549268,Room1,26.56852892269982,68.08222767395263
1625340700.8549268,Room2,26.15109954401671,71.52456060995091
1625340700.8549268,Room3,28.277448540823215,61.88985849480433
1625340700.8549268,Room4,26.46979564693684,64.07073333990049
1625340700.8549268,Room5,27.471456931896324,71.72466424237244
1625340701.3552158,Room1,26.943777869047103,64.69129787644742
1625340701.3552158,Room2,27.011284325542245,63.357288345407476
1625340701.3552158,Room3,28.222517879327157,59.63009303123655
1625340701.3552158,Room4,26.21421179853599,72.4673083128098
1625340701.3552158,Room5,27.099980663481315,65.21400978775551
1625340701.8561559,Room1,25.526157798462243,63.31799421289469
1625340701.8561559,Room2,25.22272316370101,67.05754138132747
1625340701.8561559,Room3,26.774705610543126,60.6153560156268
1625340701.8561559,Room4,27.1835512018244,64.12424921892055
1625340701.8561559,Room5,27.255059143766374,69.2814066976839
1625340702.365227,Room1,27.121636942613073,65.08407013234718
1625340702.365227,Room2,26.5906547628637,64.47482501995893
1625340702.365227,Room3,26.338101292679912,58.62909056696851
1625340702.365227,Room4,28.057739778033106,56.5471623742256
1625340702.365227,Room5,26.852447238903313,53.63784514601599
1625340702.8663125,Room1,27.21459182498613,71.1090630518248
1625340702.8663125,Room2,26.877584409663463,67.87772962355433
1625340702.8663125,Room3,27.407341963176954,60.582182097030746
1625340702.8663125,Room4,27.6145770235692,59.093900752716195
1625340702.8663125,Room5,27.649844221068197,78.54114132469527
1625340703.369963,Room1,25.764425334656256,75.4753195377046
1625340703.369963,Room2,25.913736098372826,70.69076802868102
1625340703.369963,Room3,27.092456377477905,60.70530991312019
1625340703.369963,Room4,26.763226302577543,73.07106116277704
1625340703.369963,Room5,27.705522270110265,63.9395585614651
1625340703.8831775,Room1,27.01123125466022,66.90087686636161
1625340703.8831775,Room2,26.791653823926058,63.15586973681322
1625340703.8831775,Room3,26.146969707462304,62.476868229989726
1625340703.8831775,Room4,26.951424988017607,62.22756041764336
1625340703.8831775,Room5,27.490942323357245,60.33076228220679
1625340704.39523,Room1,25.32674972789264,67.55033086681003
1625340704.39523,Room2,27.734257234955894,66.27236749037013
1625340704.39523,Room3,28.11058180633918,58.756472367565074
1625340704.39523,Room4,27.64009521909767,63.585292458941375
1625340704.39523,Room5,26.86509776482845,66.02898586449169
1625340704.904611,Room1,26.58311764092235,71.68583388726488
1625340704.904611,Room2,26.72693361228541,61.65732571905258
1625340704.904611,Room3,26.83750145324213,55.98483248014834
1625340704.904611,Room4,26.700615871811173,61.3250859035082
1625340704.904611,Room5,26.597639483921167,76.72418899699139
1625340705.4052887,Room1,26.454881147393134,66.79165562893981
1625340705.4052887,Room2,26.45087977317326,60.75798761629451
1625340705.4052887,Room3,26.855215296907623,69.30390219159162
1625340705.4052887,Room4,27.530394205519364,67.95136862752724
1625340705.4052887,Room5,27.568921645886277,65.82629319904585
1625340705.9152439,Room1,26.499170037443793,67.98127963536328
1625340705.9152439,Room2,27.387123300255503,56.61221708246792
1625340705.9152439,Room3,27.30353041333983,72.15050475681727
1625340705.9152439,Room4,26.583768012913797,70.8165069216237
1625340705.9152439,Room5,26.82848088310654,69.21801468364983
1625340706.420815,Room1,27.249514083645618,59.033738833310935
1625340706.420815,Room2,25.92819117376937,61.79149714513363
1625340706.420815,Room3,27.828090099007486,62.83515518795277
1625340706.420815,Room4,27.491956179647424,69.09825923251258
1625340706.420815,Room5,26.335241696089632,61.325547684018815
1625340706.9320443,Room1,27.189261418662475,65.38921577627225
1625340706.9320443,Room2,29.074231975427868,52.88761773867434
1625340706.9320443,Room3,28.11285223112887,63.03039520790086
1625340706.9320443,Room4,28.23163115927987,72.56390052837868
1625340706.9320443,Room5,27.30636337697087,64.95005380690502
1625340707.4438057,Room1,26.058807277708087,72.73892283930705
1625340707.4438057,Room2,28.084776538170193,63.01252282003189
1625340707.4438057,Room3,26.629775184572516,62.59570332407351
1625340707.4438057,Room4,27.143407641999264,69.36392569841398
1625340707.4438057,Room5,27.22969080117929,66.68276139552606
1625340707.9585764,Room1,27.524557666827153,79.46229330092352
1625340707.9585764,Room2,26.685710128150504,68.32012730383195
1625340707.9585764,Room3,28.089778753008584,64.62761075154468
1625340707.9585764,Room4,27.176817012706895,60.05658130896946
1625340707.9585764,Room5,26.09110475325581,72.19098859838414
1625340708.4652963,Room1,27.678494930262055,64.02133522541416
1625340708.4652963,Room2,26.65580151700252,66.60414932845006
1625340708.4652963,Room3,26.88445073252321,62.34954809197815
1625340708.4652963,Room4,27.9067596590947,52.740226945311406
1625340708.4652963,Room5,25.584914681003312,68.97705521410754
1625340708.966122,Room1,25.743471583901105,63.417445064114304
1625340708.966122,Room2,26.39375655706555,50.88323151264885
1625340708.966122,Room3,27.1438763116147,64.97262502170169
1625340708.966122,Room4,27.40893432575466,60.80943197088281
1625340708.966122,Room5,27.959327749834443,66.06103177026328
1625340709.4669359,Room1,27.998585522531897,63.94657550931322
1625340709.4669359,Room2,26.28986362162632,68.35431594598646
1625340709.4669359,Room3,27.227955821857,62.73194424287661
1625340709.4669359,Room4,27.064392629676412,68.7549072890661
1625340709.4669359,Room5,26.964712456326247,67.93266919911396
1625340709.9752402,Room1,26.243723811145976,65.31382078407562
1625340709.9752402,Room2,27.522551369918634,69.13306662245672
1625340709.9752402,Room3,27.281686116028318,67.2921077674877
1625340709.9752402,Room4,26.563774842834434,65.36642278101415
1625340709.9752402,Room5,27.207825952159794,54.248662198152786
1625340710.476247,Room1,25.677717235773493,62.26999532371038
1625340710.476247,Room2,25.913038673618296,67.58837187645895
1625340710.476247,Room3,26.328630364630374,66.299995632618
1625340710.476247,Room4,26.31328964389594,64.16957573652303
1625340710.476247,Room5,26.72296390339614,61.5421842260261
1625340710.9792576,Room1,26.583512927354512,69.81198069841592
1625340710.9792576,Room2,27.287038284154722,62.62532555178743
1625340710.9792576,Room3,28.04082021709686,56.40463725519923
1625340710.9792576,Room4,27.428776962872547,62.97785529679842
1625340710.9792576,Room5,26.913025765990987,56.020983972179934
1625340711.4923272,Room1,26.581721092149376,62.226229537371665
1625340711.4923272,Room2,26.48083867825107,71.62022843990884
1625340711.4923272,Room3,26.905400674541237,65.27942660616134
1625340711.4923272,Room4,26.205973004224937,67.82397960990218
1625340711.4923272,Room5,27.28847948616936,60.883926057724054
1625340712.0049653,Room1,27.39203081670918,66.35757178855872
1625340712.0049653,Room2,27.374413972630105,67.11474624842074
1625340712.0049653,Room3,27.389178408210725,61.166835622591
1625340712.0049653,Room4,27.224382393522944,79.5139978303749
1625340712.0049653,Room5,26.634038253525905,60.43232756144476
1625340712.5059202,Room1,26.887715921544885,66.84435308704496
1625340712.5059202,Room2,26.378798944501824,67.34390060900918
1625340712.5059202,Room3,26.328222066763594,59.17859230125848
1625340712.5059202,Room4,26.73315992889112,69.79648990648217
1625340712.5059202,Room5,26.997866465403334,68.02654748807005
1625340713.014768,Room1,26.308385169790448,64.71714911346983
1625340713.014768,Room2,26.71937425496449,60.92841729629325
1625340713.014768,Room3,26.102939594679672,66.7978135806597
1625340713.015752,Room4,27.981117008530266,74.17861920012021
1625340713.015752,Room5,27.11177261682193,61.5486051386209
1625340713.5182955,Room1,27.979806511813106,60.76617677383363
1625340713.5182955,Room2,26.873923655098775,66.91953307604996
1625340713.5182955,Room3,27.84465409412842,72.20882354641388
1625340713.5182955,Room4,26.851597606709543,70.3549493625784
1625340713.5182955,Room5,26.856653849004836,57.96136833117555
1625340714.0262692,Room1,27.535937596596227,65.69041509831469
1625340714.0262692,Room2,27.416294699328553,58.376635811106816
1625340714.0262692,Room3,26.309912087356988,61.316492132645436
1625340714.0262692,Room4,27.740094276617658,63.310335956738875
1625340714.0262692,Room5,26.952115903088636,63.63164118354462
1625340714.529101,Room1,27.391274484285695,62.42720789776557
1625340714.529101,Room2,26.940311985842097,67.20966303245845
1625340714.529101,Room3,26.652718511793218,65.83185588222463
1625340714.529101,Room4,26.129022264572914,61.06301693682406
1625340714.529101,Room5,26.897303508489976,70.04457331857456
1625340715.043904,Room1,26.433953579824863,57.28245532344716
1625340715.043904,Room2,26.37524915518083,60.77464240928763
1625340715.043904,Room3,25.8965246063062,68.99246818941471
1625340715.043904,Room4,25.57903861497635,63.371367291949696
1625340715.043904,Room5,26.04571404364887,65.99838579296204
1625340715.5501454,Room1,26.56033548489282,65.72297065346379
1625340715.5501454,Room2,27.369104791871976,58.996619613556014
1625340715.5501454,Room3,26.181164826084355,70.91025001502308
1625340715.5501454,Room4,26.04196738445185,63.8521937984509
1625340715.5501454,Room5,26.54889962092687,71.49251882078617
1625340716.0549045,Room1,27.55071512540719,60.08596591448021
1625340716.0549045,Room2,26.878812288908847,53.96753693797703
1625340716.0549045,Room3,25.956039476299896,71.84474234551105
1625340716.0549045,Room4,27.05218872542366,64.75655238536581
1625340716.0549045,Room5,27.559459832838115,57.58600115618768
1625340716.555858,Room1,27.12671451037197,65.22483208541976
1625340716.555858,Room2,26.09630658285151,60.313028825238085
1625340716.555858,Room3,25.806417739116853,61.67556677692126
1625340716.555858,Room4,26.983160840094047,72.42803233278016
1625340716.555858,Room5,26.493726992697198,63.727302780747905
1625340717.0711265,Room1,27.040073480748404,71.89151053001295
1625340717.0711265,Room2,24.77275854770301,66.69230928991824
1625340717.0711265,Room3,27.49336924096902,64.27058215448872
1625340717.0711265,Room4,25.626475317584998,64.77283443914862
1625340717.0711265,Room5,26.8579292016434,60.478379596763475
1625340717.5848079,Room1,26.225249538111918,74.77124950952509
1625340717.5848079,Room2,26.265764503578424,66.641622244612
1625340717.5848079,Room3,26.828420450080316,62.25036958062287
1625340717.5848079,Room4,28.524918147137377,65.83317885838824
1625340717.5848079,Room5,26.734446972205784,66.2676151942457
1625340718.099338,Room1,26.417465913404058,70.55854140068578
1625340718.099338,Room2,26.602904799515823,70.80019857903264
1625340718.099338,Room3,26.6358769616403,65.60650315403724
1625340718.099338,Room4,27.005769313676254,59.80407549128602
1625340718.099338,Room5,27.102056066871103,65.60227972845365
1625340718.6000874,Room1,26.81870964948639,63.55173915327564
1625340718.6000874,Room2,25.95895649410338,67.96437305718256
1625340718.6000874,Room3,27.752733986246117,67.375935334942
1625340718.6000874,Room4,26.455205335952197,61.545359865553756
1625340718.6000874,Room5,26.497991315241627,60.22357484377454
1625340719.105294,Room1,27.102362718617833,64.84152757497107
1625340719.105294,Room2,26.29722198071511,58.644457779568285
1625340719.105294,Room3,28.021192120262786,64.59014684608414
1625340719.105294,Room4,27.57442703999418,67.6137045542706
1625340719.105294,Room5,27.943452290244252,74.01573702571368
1625340719.606187,Room1,26.421990660745692,62.160739339830464
1625340719.606187,Room2,26.148633740573345,63.57835939686147
1625340719.606187,Room3,27.953803100603366,68.40945936088775
1625340719.606187,Room4,27.76269840411793,64.3384491480386
1625340719.606187,Room5,25.299091448219883,66.82866120076567
1625340720.110945,Room1,27.041354993216398,77.4706858532866
1625340720.110945,Room2,26.171130170159508,65.42007737154263
1625340720.110945,Room3,27.040863152538037,61.32361139247643
1625340720.110945,Room4,26.333603134440253,66.41940079372503
1625340720.110945,Room5,25.857468002553723,59.6310629034165
1625340720.614742,Room1,26.51221815897842,71.76675722524358
1625340720.614742,Room2,26.83407452791056,65.62920674112115
1625340720.614742,Room3,27.791518658202246,69.75205900178265
1625340720.614742,Room4,25.32478613845712,66.96813123628625
1625340720.614742,Room5,26.624792451588426,63.00891239491747
1625340721.1163213,Room1,27.30843338266661,62.46018366107368
1625340721.1163213,Room2,26.802343264766076,63.41605119120659
1625340721.1163213,Room3,28.09884179451139,73.6747035079687
1625340721.1163213,Room4,27.083275973031583,68.2831311118052
1625340721.1163213,Room5,28.232238203242876,72.43548274709832
1625340721.618515,Room1,28.279920487351667,63.38198072898436
1625340721.618515,Room2,25.738243317160986,56.97413224790459
1625340721.618515,Room3,27.547600023737473,72.37012023905736
1625340721.618515,Room4,27.286088667238335,63.66187915327356
1625340721.618515,Room5,26.82307097440582,64.77366192037212
1625340722.131029,Room1,27.896730699581976,65.20199628356407
1625340722.131029,Room2,27.73359877502879,69.78339526023179
1625340722.131029,Room3,27.552036739986605,63.80424645734109
1625340722.131029,Room4,26.76410172238531,67.1980712398061
1625340722.131029,Room5,27.11705272852265,63.873912570683046
1625340722.6350255,Room1,27.874385188038925,62.03058282831735
1625340722.6350255,Room2,26.713303783550018,66.88007441094814
1625340722.6350255,Room3,26.255396332900336,68.18011212184767
1625340722.6350255,Room4,27.37426674474344,67.27737772875524
1625340722.6350255,Room5,27.481607628658175,62.45594551833892
1625340723.136388,Room1,26.701539669170103,64.58251035492998
1625340723.136388,Room2,27.136468654399728,74.67781642677721
1625340723.136388,Room3,26.99951446457702,61.756952209500994
1625340723.136388,Room4,26.589932490584314,64.92785322058194
1625340723.136388,Room5,26.467085586725762,68.15448214644921
1625340723.650303,Room1,26.851904561298607,54.39926701694196
1625340723.650303,Room2,27.972752721707096,60.536441041969404
1625340723.650303,Room3,26.83557686264299,74.00823337086227
1625340723.650303,Room4,26.606643149030823,65.10141413695341
1625340723.650303,Room5,27.312596548741173,59.729442771777535
1625340724.151296,Room1,28.347242631316103,63.818884533907614
1625340724.151296,Room2,25.964550459586413,63.880837296553835
1625340724.151296,Room3,27.527401719147335,62.27859199493656
1625340724.151296,Room4,27.48004592138328,54.95043337482555
1625340724.151296,Room5,27.72560262219733,59.70622689609077
1625340724.6521122,Room1,27.084387560236653,66.88174232146336
1625340724.6521122,Room2,26.98888437411901,70.2248629243338
1625340724.6521122,Room3,26.81246235946613,59.64567403703253
1625340724.6521122,Room4,26.620042559985603,69.62131144370406
1625340724.6521122,Room5,27.31874479457854,59.096876406028485
1625340725.1652293,Room1,26.73094674848173,63.35534718054988
1625340725.1652293,Room2,27.4869317111834,74.67119186714253
1625340725.1652293,Room3,27.229913425669658,63.455623682560145
1625340725.1652293,Room4,27.259805267702298,59.774555926531875
1625340725.1652293,Room5,27.275180681873127,71.17834074139283
1625340725.666279,Room1,27.360671359871283,61.33102994940159
1625340725.666279,Room2,26.823575737164063,64.70409078180545
1625340725.666279,Room3,26.35794974093071,67.30545873049363
1625340725.666279,Room4,25.227272029151223,61.75806252040044
1625340725.666279,Room5,26.97544226263361,61.068417905654215
1625340726.1788857,Room1,25.874824872540888,66.13192742276325
1625340726.1788857,Room2,26.51676302201379,65.07061554640744
1625340726.1788857,Room3,27.015100792593795,55.36595851792142
1625340726.1788857,Room4,26.380135020170197,71.36725544775926
1625340726.1788857,Room5,26.842914293205567,58.876013369083
1625340726.693793,Room1,26.520713888593942,60.78415052711319
1625340726.693793,Room2,26.42343687843423,58.11282665630624
1625340726.693793,Room3,27.473495326428736,73.10923589822322
1625340726.693793,Room4,25.690103323977432,66.97142993846795
1625340726.693793,Room5,26.22754124244988,64.46430320800337
1625340727.1953425,Room1,26.33479936210548,61.494302581379436
1625340727.1953425,Room2,27.46822698209625,60.78857034946204
1625340727.1953425,Room3,27.695398222533697,59.09577684384359
1625340727.1953425,Room4,28.085496137048136,54.19999129114583
1625340727.1953425,Room5,26.019200473709425,61.53506439884303
1625340727.706264,Room1,26.602350733228562,62.2600282364147
1625340727.706264,Room2,28.019870654394257,54.29015730645033
1625340727.706264,Room3,26.845008483151588,61.366456817915264
1625340727.706264,Room4,27.445834812965153,60.93601670711397
1625340727.706264,Room5,27.29696705652823,66.46246327941824
1625340728.21544,Room1,26.85696196937508,60.80002269494882
1625340728.21544,Room2,26.913342846048995,54.39274349403127
1625340728.21544,Room3,26.515530558970838,59.728777772035755
1625340728.21544,Room4,26.653587256536323,64.49157079187208
1625340728.21544,Room5,27.56381853787366,68.2361664195656
1625340728.7163854,Room1,25.904038066694028,74.46242269614491
1625340728.7163854,Room2,27.235598910022418,66.38229150629095
1625340728.7163854,Room3,26.200662539125304,69.05820978636783
1625340728.7163854,Room4,26.42458124569328,59.75242428084631
1625340728.7163854,Room5,28.176067618923184,64.84646809109009
1625340729.2211146,Room1,26.94713633097741,62.92821251843751
1625340729.2211146,Room2,26.844209125935627,66.71282849974546
1625340729.2211146,Room3,25.503487249798923,58.576989937972236
1625340729.2211146,Room4,26.128768172125774,63.73406673307321
1625340729.2211146,Room5,26.953319730818805,66.9549500302912
1625340729.7250478,Room1,27.69009111969489,61.53191934730344
1625340729.7250478,Room2,27.077887159399744,62.84366806455172
1625340729.7250478,Room3,25.490902625702887,72.91610968865898
1625340729.7250478,Room4,26.048337244614572,64.5780235268044
1625340729.7250478,Room5,27.151772603764478,68.62077561033415
1625340730.2264225,Room1,26.445042886815703,66.55948564709118
1625340730.2264225,Room2,26.924067401692135,69.42602604627871
1625340730.2264225,Room3,26.609945263554938,62.94560675464724
1625340730.2264225,Room4,27.28126455839146,62.75081350061598
1625340730.2264225,Room5,25.840324727587703,67.65304375215952
1625340730.7300448,Room1,26.809494467871442,62.11958347727356
1625340730.7300448,Room2,26.20607066695444,65.04965582214982
1625340730.7300448,Room3,27.08724925977393,70.23462443684616
1625340730.7300448,Room4,26.276229489791973,54.613217525321446
1625340730.7300448,Room5,26.57725864816788,69.7314157608872
1625340731.2450361,Room1,26.986105474481093,59.90970839771088
1625340731.2450361,Room2,27.237749845060282,69.82551415502807
1625340731.2450361,Room3,26.501159071166963,64.9417486687351
1625340731.2450361,Room4,27.052438006310926,64.75623255419559
1625340731.2450361,Room5,27.110512181453146,62.76492901042866
1625340731.7552257,Room1,27.699849515407397,63.70323940153618
1625340731.7552257,Room2,26.258149232243852,71.09613508529482
1625340731.7552257,Room3,26.57777584277317,65.58181680786349
1625340731.7552257,Room4,26.914282931390147,59.64615601737185
1625340731.7552257,Room5,25.561943611611536,61.934954642671954
1625340732.2561777,Room1,26.30229441944267,66.70584500931294
1625340732.2561777,Room2,26.793203839582976,65.40612738692025
1625340732.2561777,Room3,27.52154803095329,60.63549492856244
1625340732.2561777,Room4,27.271773788546557,63.29829434123653
1625340732.2561777,Room5,25.888502906543554,63.47119764587074
1625340732.7714262,Room1,26.68411587076911,61.79944955118405
1625340732.7714262,Room2,25.846250253845753,57.038383890085804
1625340732.7714262,Room3,26.657766812903464,60.13746529014539
1625340732.7714262,Room4,27.136961032602848,63.038442332430854
1625340732.7714262,Room5,25.836324781073056,62.40070429439667
1625340733.2742195,Room1,27.662520437771178,65.99902887266886
1625340733.2742195,Room2,27.11966831621163,67.92128695157136
1625340733.2742195,Room3,26.62243084233583,60.47915616234675
1625340733.2742195,Room4,27.17237321814968,62.81942020467454
1625340733.2742195,Room5,25.197335873608342,58.575642188196184
1625340733.7863514,Room1,26.529424553715636,67.52717436484694
1625340733.7863514,Room2,26.239300038482515,52.91277053381912
1625340733.7863514,Room3,26.75764280700239,64.2791983470122
1625340733.7863514,Room4,27.824366179841114,63.951382705710515
1625340733.7863514,Room5,26.152452252310017,65.64808595527047
1625340734.2870307,Room1,26.94425872253124,67.18477631476762
1625340734.2870307,Room2,26.73411566269871,65.925863776179
1625340734.2870307,Room3,26.940840829725335,60.851907489017435
1625340734.2870307,Room4,26.68794653508629,71.64223261388972
1625340734.2870307,Room5,26.959386390501322,68.22201111250752
1625340734.7950153,Room1,27.52355789395418,54.590204909273325
1625340734.7950153,Room2,26.242305990350193,66.8002271577939
1625340734.7950153,Room3,28.04361230523441,62.253911777336704
1625340734.7950153,Room4,26.566655419378293,67.76298494616448
1625340734.7950153,Room5,26.697100499968688,63.428745089622915
1625340735.295907,Room1,27.471085210739634,59.643042323491414
1625340735.295907,Room2,26.66945163976288,62.46541374213298
1625340735.295907,Room3,26.832470850630468,55.286560604261176
1625340735.295907,Room4,25.169479962464685,54.99655487719862
1625340735.295907,Room5,27.13844299150885,63.26262252196429
1625340735.8051248,Room1,28.13603013212694,66.49109615481957
1625340735.8051248,Room2,25.894890994729238,69.14184277853303
1625340735.8051248,Room3,27.400254600602942,68.10124406358766
1625340735.8051248,Room4,27.124084345940386,54.98026916074204
1625340735.8051248,Room5,27.26325509857027,66.7627601139933
1625340736.3145568,Room1,27.422498840655688,71.89413432768194
1625340736.3145568,Room2,27.116110162475373,67.8706456095755
1625340736.3145568,Room3,27.28380992287937,68.64384238545712
1625340736.3145568,Room4,26.426386815784088,60.62381898718664
1625340736.3145568,Room5,26.1995706208848,62.756950226412414
1625340736.816009,Room1,27.222752349862112,64.57604670286419
1625340736.816009,Room2,27.0188410392993,59.281819767330425
1625340736.816009,Room3,26.739186111863148,64.60436850082162
1625340736.816009,Room4,27.245457133457435,63.3903203059648
1625340736.816009,Room5,27.329700365936684,65.37083230489854
1625340737.3192942,Room1,27.590507994850498,65.6863954512155
1625340737.3192942,Room2,26.59027227652443,68.6677559547544
1625340737.3192942,Room3,28.152701739558562,47.675037879733935
1625340737.3192942,Room4,25.926075737847867,67.44139642608023
1625340737.3192942,Room5,26.046815586177768,63.773694232525585
1625340759.7951462,Room1,26.435643041130724,73.94833540791312
1625340759.7951462,Room2,27.8209907158722,66.06944109071819
1625340759.7951462,Room3,26.248060288615473,60.80610584629766
1625340759.7951462,Room4,27.281210545406715,67.26213896361372
1625340759.7951462,Room5,27.449359550001812,56.53998888516587
1625340760.296166,Room1,25.494151458006783,74.89275945426091
1625340760.296166,Room2,26.421145258163115,66.88592169802364
1625340760.296166,Room3,26.468226741088444,70.40619472212454
1625340760.296166,Room4,27.872336588742872,68.48940831414218
1625340760.296166,Room5,26.442317202932717,73.80942041729054
1625340760.8088589,Room1,27.047430961759332,64.04094876083707
1625340760.8088589,Room2,27.498875756373653,62.13435475789066
1625340760.8088589,Room3,27.018796649221482,65.52675148553587
1625340760.8088589,Room4,27.277313754804677,62.935428901937094
1625340760.8095517,Room5,27.052597616692637,69.09069099061347
1625340761.3501952,Room1,26.800578665628823,57.16433878223932
1625340761.3501952,Room2,26.308053490318315,59.97816098169422
1625340761.3501952,Room3,28.309897977893392,65.28385664089745
1625340761.3501952,Room4,26.69335760665266,66.83817905341799
1625340761.3501952,Room5,27.467296766942287,67.07584029971805
1625340761.855417,Room1,28.59064569650937,62.20364455427333
1625340761.855417,Room2,26.915127747644192,69.98296163147948
1625340761.855417,Room3,26.288541434786378,59.48698622449124
1625340761.855417,Room4,26.521733080914046,70.67971351241565
1625340761.855417,Room5,27.155427520885226,66.5947768274732
1625340762.365578,Room1,27.560934764296118,66.5535737362687
1625340762.365578,Room2,27.515110076758916,60.06785978469099
1625340762.365578,Room3,26.919372382740654,60.587652226697834
1625340762.365578,Room4,27.294475363414268,62.367596420717724
1625340762.365578,Room5,27.554107864204237,67.3844948818359
1625340762.8783073,Room1,27.089614626273445,66.4994790857522
1625340762.8783073,Room2,26.71180196658524,71.4464823300095
1625340762.8783073,Room3,26.94160510685419,63.61473107987179
1625340762.8783073,Room4,26.683541739524713,69.54156473815874
1625340762.8783073,Room5,26.300002408119646,66.01092296747215
1625340763.3864682,Room1,27.07616730694765,70.56709916933191
1625340763.3864682,Room2,25.57185413929823,58.763269058855435
1625340763.3864682,Room3,26.714482632426236,72.90209029064273
1625340763.3864682,Room4,27.146407427456044,58.527497660787844
1625340763.3864682,Room5,27.18417121306631,67.69131376983808
1625340763.892584,Room1,27.732016415902162,64.18733496104593
1625340763.892584,Room2,25.994378395339087,61.11391089482102
1625340763.892584,Room3,26.243745544482838,73.38772826958521
1625340763.892584,Room4,26.648898212945692,70.26747070433
1625340763.892584,Room5,25.631726792443068,65.72584508064172
1625340764.4042957,Room1,26.44010831219945,65.34509051073353
1625340764.4042957,Room2,26.98947605044892,59.87028003370736
1625340764.4042957,Room3,26.218363596748183,64.86635270830637
1625340764.4042957,Room4,27.71339631747054,63.581162843078474
1625340764.4042957,Room5,25.250690391348634,59.47296223861452
1625340764.915053,Room1,26.47040043937031,63.57130395709166
1625340764.915053,Room2,27.1101687271782,55.68494362580968
1625340764.915053,Room3,26.88502151784988,68.59891920988386
1625340764.915053,Room4,26.677849009380296,65.59041010617676
1625340764.915053,Room5,27.365145327696748,64.53944996062941
1625340765.4164784,Room1,26.62138237327135,65.66328292330773
1625340765.4164784,Room2,26.436341866644625,63.65373214806288
1625340765.4164784,Room3,27.181322002476417,66.49479848150817
1625340765.4164784,Room4,26.42809554299107,59.21953868254056
1625340765.4164784,Room5,27.201719939840743,63.97145472695568
1625340765.9306931,Room1,27.638399546162663,59.66063958218065
1625340765.9306931,Room2,26.292995776787315,62.17281215553614
1625340765.9306931,Room3,26.797645642231434,70.62851044911058
1625340765.9306931,Room4,26.941098843303532,60.061738543224806
1625340765.9306931,Room5,26.3793592174654,72.4888052703645
1625340766.4320078,Room1,26.882583072305376,64.75020209538289
1625340766.4320078,Room2,26.908923218980497,67.20634839309614
1625340766.4320078,Room3,26.741971521549473,72.31391546474256
1625340766.4320078,Room4,26.605983582010627,71.76540970590058
1625340766.4320078,Room5,26.708388389602256,62.443788101220036
1625340766.9424644,Room1,26.246955859765382,74.32375457809509
1625340766.9434662,Room2,27.173729333776524,68.51593179544605
1625340766.9434662,Room3,27.22879950769829,61.02692733059892
1625340766.9434662,Room4,26.98492257664472,71.4393499328032
1625340766.9434662,Room5,27.46244581794633,57.4116453715997
1625340767.4452589,Room1,27.668908298527157,69.0945324876345
1625340767.4452589,Room2,26.559109157397806,65.35857818414677
1625340767.4452589,Room3,26.56097578938725,62.068216134964935
1625340767.4452589,Room4,27.32130545398242,71.69739394088172
1625340767.4452589,Room5,27.214658211547043,72.14385191035775
1625340767.9580054,Room1,26.271218944895065,67.60112312793669
1625340767.9580054,Room2,28.3076201778744,63.62991270372441
1625340767.9580054,Room3,26.720456430938587,63.01938969911608
1625340767.9580054,Room4,25.868797013320002,64.40629746230114
1625340767.9580054,Room5,27.368745491894487,63.25936662170439
1625340768.4581892,Room1,26.391821449059602,63.551602267374506
1625340768.4581892,Room2,27.0147549290652,54.62312815294812
1625340768.4581892,Room3,27.73722549564805,62.91425711928758
1625340768.4581892,Room4,27.674478194080063,56.744063809893746
1625340768.4581892,Room5,27.130013367961162,74.66276916553598
1625340768.9645715,Room1,26.20635942029083,65.04383352322462
1625340768.9645715,Room2,27.861701631726202,70.67350359114889
1625340768.9645715,Room3,28.784589142927803,65.14792044944906
1625340768.9645715,Room4,27.310568046539043,59.21991090441679
1625340768.9645715,Room5,25.56454730724817,62.11522870801037
1625340769.4655328,Room1,26.39960624120127,70.58718260330791
1625340769.4655328,Room2,26.408792827027547,60.6944536408716
1625340769.4655328,Room3,27.80354030388668,71.63015397543231
1625340769.4655328,Room4,27.241574480854876,63.14239017944668
1625340769.4655328,Room5,27.11139224372544,68.68039716819378
1625340769.9756145,Room1,27.337109947817687,65.75149959989002
1625340769.9756145,Room2,27.204301108769247,71.1099641130375
1625340769.9756145,Room3,26.57130582534385,65.97162104085426
1625340769.9756145,Room4,27.131817594426302,75.72419906320643
1625340769.9756145,Room5,28.628524864628773,61.1965072517405
1625340770.4786224,Room1,26.722618929559147,68.83563624664198
1625340770.4786224,Room2,26.271490003089802,65.01852087289986
1625340770.4786224,Room3,27.72263949109615,59.985729095301004
1625340770.4786224,Room4,27.265382369946444,69.91445141477476
1625340770.4786224,Room5,26.96427734361251,56.72241877124749
1625340770.9901273,Room1,26.540509840537965,68.78290152663679
1625340770.9901273,Room2,27.030093170976794,62.03946622726604
1625340770.9901273,Room3,28.15608268225434,66.51965741523078
1625340770.9901273,Room4,26.514248586273894,71.21800326137642
1625340770.9901273,Room5,27.33955838911119,63.6356655715236
1625340771.5046656,Room1,27.267715188879745,69.75875808627582
1625340771.5046656,Room2,26.63456986915458,67.15622267620263
1625340771.5046656,Room3,28.06717397307308,58.03334788354685
1625340771.5046656,Room4,25.071969195440744,67.68337558243344
1625340771.5046656,Room5,27.150264585205356,73.36267375130073
1625340772.0060158,Room1,27.22463257349687,56.724742684288046
1625340772.0060158,Room2,25.11821780234198,63.963939105013274
1625340772.0060158,Room3,28.158855415035532,65.81870203399191
1625340772.0060158,Room4,27.81290619069457,65.04778920489316
1625340772.0060158,Room5,27.165113711096847,67.5192525755242
1625340772.5062418,Room1,25.965794915439908,59.37918600464426
1625340772.5062418,Room2,26.95592502082965,59.41464531863191
1625340772.5062418,Room3,27.93683661553975,59.77667151435884
1625340772.5062418,Room4,27.0153000650441,65.19898324091378
1625340772.5062418,Room5,28.07478088551233,64.99681841731373
1625340834.5238016,Room1,27.432191926903506,68.47259685953908
1625340834.5238016,Room2,26.301640143542024,57.94298127134229
1625340834.5238016,Room3,27.712114516347484,67.7309028802993
1625340834.5238016,Room4,26.896709622966412,60.017654842525
1625340834.5238016,Room5,26.39036527313182,74.14946537276846
1625340835.0335586,Room1,27.79219844224473,59.68899253498669
1625340835.0335586,Room2,26.780464467324972,70.93564300018546
1625340835.0335586,Room3,28.080037643176677,68.21239957644546
1625340835.0335586,Room4,27.827828819822894,62.2432268136603
1625340835.0335586,Room5,27.103463148682692,64.99381560353162
1625340835.5433831,Room1,27.418401662809032,63.77075802852587
1625340835.5433831,Room2,27.401183667247743,57.83245470137487
1625340835.5433831,Room3,26.287624546079684,63.82707776771052
1625340835.5433831,Room4,26.509879420061903,66.0468589974214
1625340835.5433831,Room5,26.972246833217625,67.22522973431495
1625340836.0577943,Room1,26.79901123105868,68.26810839843101
1625340836.0577943,Room2,26.88049492433025,68.78621897690554
1625340836.0577943,Room3,26.739459734025132,70.730605608497
1625340836.0577943,Room4,27.290494949678564,58.65375960937868
1625340836.0577943,Room5,27.009634164133345,70.77526039951245
1625340836.5723147,Room1,25.49109377602532,66.70365944079218
1625340836.5723147,Room2,26.460859821327784,61.75030608395813
1625340836.5723147,Room3,26.767940042723932,58.975857084790626
1625340836.5723147,Room4,26.64360680366819,70.54815286277686
1625340836.5723147,Room5,26.689445131909675,59.25820458864957
1625340837.0847416,Room1,27.950237671752856,62.42304432992158
1625340837.0847416,Room2,26.931679878432323,62.59181112276186
1625340837.0847416,Room3,26.43863261628418,70.64121752455651
1625340837.0847416,Room4,25.648345402467395,55.87372091721861
1625340837.0847416,Room5,28.224781128405983,72.56534006650246
1625340837.5959494,Room1,25.89736424435515,66.10713825865702
1625340837.5959494,Room2,27.998199871890606,60.37186266424
1625340837.5959494,Room3,27.99007378771526,65.95474184751944
1625340837.5959494,Room4,26.52363919107619,66.20273443402344
1625340837.5959494,Room5,26.577216126927212,59.44096935809514
1625340838.0980706,Room1,26.48878126341247,57.82675869563213
1625340838.0980706,Room2,26.52913224226118,67.96568565642201
1625340838.0980706,Room3,25.749190693908393,66.82930040393923
1625340838.0980706,Room4,27.594255900260247,72.20537944360419
1625340838.0980706,Room5,27.180864691263903,61.37034315019693
1625340838.6110787,Room1,27.57404536368544,62.55092341507681
1625340838.6110787,Room2,27.348216212507992,69.3510476352185
1625340838.6110787,Room3,26.097772711374912,58.51518711064837
1625340838.6110787,Room4,27.929301513182487,61.06288111567257
1625340838.6110787,Room5,27.332592494246143,64.21273416450562
1625340839.113249,Room1,27.705679439791627,63.44513206822817
1625340839.113249,Room2,26.24527550659863,59.84990663586557
1625340839.113249,Room3,25.9694929830292,69.253734298538
1625340839.113249,Room4,27.89688981375388,67.91807189310802
1625340839.113249,Room5,26.396300412305806,81.35020749909208
1625340839.6244316,Room1,27.68276303759125,62.92880341878874
1625340839.6244316,Room2,26.914711198038994,64.92734951566979
1625340839.6244316,Room3,27.16509814343705,60.97573620492899
1625340839.6244316,Room4,26.36242857563951,70.53000041233996
1625340839.6244316,Room5,26.538274775264924,69.84194790857576
1625340840.1388154,Room1,27.740502881671635,62.97029958785071
1625340840.1388154,Room2,26.199060410205114,60.8457556339795
1625340840.1388154,Room3,26.653790368070393,62.91067015684317
1625340840.1388154,Room4,27.309433459805213,70.8099203034322
1625340840.1388154,Room5,25.158930968327166,66.69615420536968
1625340840.6401174,Room1,26.90151309012313,63.82674934930952
1625340840.6401174,Room2,25.737378041780165,63.451337611084625
1625340840.6401174,Room3,26.561603094149607,60.43827390493863
1625340840.6401174,Room4,25.75990780968586,67.96054704092414
1625340840.6401174,Room5,25.811501502140764,62.20224264360842
1625340841.1534004,Room1,26.986276719900523,69.25546030233753
1625340841.1534004,Room2,25.79682421042419,69.85368589357037
1625340841.1534004,Room3,27.52235901885899,69.25431351954116
1625340841.1534004,Room4,28.200215586570675,64.05855224385299
1625340841.1534004,Room5,27.745669639761786,57.29796867029556
1625340841.6542623,Room1,26.985314361247514,65.49692992870071
1625340841.6542623,Room2,25.745697579665176,68.68775567722315
1625340841.6542623,Room3,26.492739557301444,67.458920600689
1625340841.6542623,Room4,25.647584685511987,66.38425148278114
1625340841.6542623,Room5,27.483508049097377,64.30817635068641
1625340842.1555936,Room1,25.727532591024968,59.367673393296705
1625340842.1555936,Room2,26.360764592812416,65.71428499417856
1625340842.1555936,Room3,26.7077162780133,58.2713802160741
1625340842.1555936,Room4,26.845733215318184,60.70299224800061
1625340842.1555936,Room5,26.113282925870166,67.60006496969079
1625340842.6708956,Room1,27.145413517002062,70.54571865242934
1625340842.6708956,Room2,26.768455741402878,62.75448021850876
1625340842.6708956,Room3,27.884393055347534,66.46600540994788
1625340842.6708956,Room4,26.050609353406145,65.67367957026754
1625340842.6708956,Room5,26.04805527570711,66.50280845355782
1625340843.1869924,Room1,27.285382989825163,64.4009366064249
1625340843.1869924,Room2,27.246644331938384,61.61245748512858
1625340843.1869924,Room3,26.83720761368168,75.15578656735335
1625340843.1869924,Room4,27.349454446249243,59.397340509986215
1625340843.1869924,Room5,26.33765935601125,61.26269687821587
1625340843.700715,Room1,27.194517876180146,70.34321981233089
1625340843.700715,Room2,25.5265061590251,69.5929307047912
1625340843.700715,Room3,26.678418984145498,70.88545873515966
1625340843.700715,Room4,27.566734491473916,58.88188946546221
1625340843.700715,Room5,26.327067694110898,68.88928834589782
1625340844.2095747,Room1,27.230375685295922,68.28581232006731
1625340844.2095747,Room2,26.98093692042857,64.81970299084497
1625340844.2095747,Room3,27.124675885800354,64.95354470465105
1625340844.2095747,Room4,27.734167654579238,65.74371892434277
1625340844.2095747,Room5,26.162107252649974,65.03960225608743
1625340844.7255929,Room1,25.647220349755987,75.54604514686783
1625340844.7255929,Room2,26.888549475739694,59.44204076307744
1625340844.7255929,Room3,25.75071341970281,67.42014386788334
1625340844.7255929,Room4,25.932564661012712,71.25365567122559
1625340844.7255929,Room5,27.089737227944152,65.17605357104318
1625340845.2390778,Room1,26.506401675447865,56.62113821795901
1625340845.2390778,Room2,26.98811989346408,65.64187142261837
1625340845.2390778,Room3,27.39817834057717,64.11087467965183
1625340845.2390778,Room4,27.645958252288143,62.2551717172814
1625340845.2390778,Room5,27.109530816531343,63.48994927424957
1625340845.7524014,Room1,26.433503910141827,65.09930267269475
1625340845.7524014,Room2,27.899754710121243,59.17125611815415
1625340845.7524014,Room3,27.437459855736318,60.279717555445465
1625340845.7524014,Room4,26.195291063689815,66.49264769623169
1625340845.7524014,Room5,26.42514758572736,71.24305152335425
1625340846.2673519,Room1,27.047121767064013,57.97188572900179
1625340846.2673519,Room2,27.345413525114623,67.17489757243135
1625340846.2673519,Room3,26.996914510175024,68.99093449370753
1625340846.2673519,Room4,25.106525533008583,62.050253464262305
1625340846.2673519,Room5,27.011390442965673,59.440472659350455
1625340846.7792459,Room1,25.283752160219517,65.99338892249712
1625340846.7792459,Room2,27.216143542153045,70.9988040190128
1625340846.7792459,Room3,26.785600595578256,69.06973322732269
1625340846.7792459,Room4,25.907210613621594,66.46457748089324
1625340846.7792459,Room5,26.054912916761797,54.45622411517822
1625340847.2935703,Room1,26.622148975179663,71.0699398865036
1625340847.2935703,Room2,25.87500446031768,59.852207820561006
1625340847.2935703,Room3,27.5193294254995,64.88570687039206
1625340847.2935703,Room4,26.598098838012206,65.45578651562519
1625340847.2935703,Room5,26.142653894053083,63.25912354949537
1625340847.8089101,Room1,27.165343348645408,65.42391528694638
1625340847.8089101,Room2,28.16637987994576,71.470136283557
1625340847.8089101,Room3,27.265039262416604,69.84725551367414
1625340847.8089101,Room4,27.779655808038843,60.1633060976571
1625340847.8089101,Room5,27.691994275970757,66.02101760373479
1625340848.3246086,Room1,26.732320819420714,64.83154094948189
1625340848.3246086,Room2,26.863021542048255,58.77443152557696
1625340848.3246086,Room3,26.05462207516966,69.01544955705556
1625340848.3246086,Room4,27.88662331559514,80.91584659165815
1625340848.3246086,Room5,25.481795336003106,63.28010986289717
1625340848.8420575,Room1,26.973744204684266,66.61175321615545
1625340848.8420575,Room2,26.423736490918472,65.70176749954916
1625340848.8420575,Room3,26.624890616941972,59.49496121109904
1625340848.8420575,Room4,26.97156636571431,63.99648482610632
1625340848.8420575,Room5,26.741323436485462,69.76472872127597
1625340849.354886,Room1,26.544507785311104,67.71662084645965
1625340849.354886,Room2,25.679584840669268,61.28307107866779
1625340849.354886,Room3,27.386585871261424,61.269996836631606
1625340849.354886,Room4,27.429810936352062,59.42417516794887
1625340849.354886,Room5,26.19049300073084,65.60475339220244
1625340849.8729143,Room1,26.6794534092862,72.71138089566102
1625340849.8729143,Room2,27.516345871844717,67.64582175535071
1625340849.8729143,Room3,28.007668169744704,58.04542901360542
1625340849.8729143,Room4,25.769939466310046,65.1567333926311
1625340849.8729143,Room5,27.416442035294413,59.254705736318385
1625340850.387237,Room1,27.78900278838677,55.25275714606948
1625340850.387237,Room2,26.936471866745883,58.46636638812795
1625340850.387237,Room3,27.009530079817882,65.93413249565523
1625340850.387237,Room4,27.309261241567715,61.22675385858542
1625340850.387237,Room5,27.11033016763739,72.16825845437997
1625340850.902584,Room1,27.311695611855637,69.80503459679807
1625340850.902584,Room2,27.09766456914682,75.06684881930953
1625340850.902584,Room3,27.428614220269765,63.50797577819448
1625340850.902584,Room4,26.136417630937597,62.19641960256985
1625340850.902584,Room5,26.83055655803056,53.89649388885245
1625340851.4045951,Room1,25.872750961109396,62.29538342745381
1625340851.4045951,Room2,26.700607553534297,76.02740549445586
1625340851.4045951,Room3,26.335796430257567,67.96404443370619
1625340851.4045951,Room4,26.766306637232955,72.04008786778225
1625340851.4045951,Room5,28.430328964662188,65.60868430797635
1625340851.9093113,Room1,26.904866419811036,56.20800571561048
1625340851.9093113,Room2,26.534350852577557,77.08030539887639
1625340851.9093113,Room3,26.520917311034424,63.17656749639047
1625340851.9093113,Room4,26.63520774845803,57.185894281426016
1625340851.9093113,Room5,27.87060402421664,78.1276821337506
1625340852.4203954,Room1,26.797878348328094,58.558011694302024
1625340852.4203954,Room2,27.306027631905515,57.510783832707375
1625340852.4203954,Room3,27.385330962694173,63.93499042657737
1625340852.4203954,Room4,26.972277984927015,59.015888469418776
1625340852.4203954,Room5,26.77605116699124,65.67417404808829
1625340852.9216194,Room1,25.973206005969605,62.88914878984222
1625340852.9216194,Room2,26.85040822142737,58.16170946912437
1625340852.9216194,Room3,26.690192970752157,56.10898864128659
1625340852.9216194,Room4,27.057287024276043,61.74641673326984
1625340852.9216194,Room5,26.82699580824278,59.96099620159534
1625340853.4244606,Room1,25.849922364568208,64.41433204702004
1625340853.4244606,Room2,26.318284916533276,65.00259139641851
1625340853.4244606,Room3,25.06195411549548,69.76973947701977
1625340853.4244606,Room4,27.46506615532368,65.17615696543497
1625340853.4244606,Room5,27.762005810345485,66.64843051653743
1625340853.9336925,Room1,27.486101012374064,74.32672002891256
1625340853.9336925,Room2,26.02240367633825,61.75467828004152
1625340853.9336925,Room3,26.39608236449704,60.582434178149995
1625340853.9336925,Room4,27.737925974393814,66.49566206607953
1625340853.9336925,Room5,26.771688015889588,68.52763604113319
1625340854.446819,Room1,26.324078322794545,63.56968114378181
1625340854.446819,Room2,26.312659352941495,61.361465781036586
1625340854.446819,Room3,26.43922799844759,72.73793250615158
1625340854.446819,Room4,27.297675903397625,62.624631415507416
1625340854.446819,Room5,27.89571717528471,68.2020662682605
1625340854.9582744,Room1,26.252473596996353,54.506380135627516
1625340854.9582744,Room2,26.55250595164807,59.337597976785034
1625340854.9582744,Room3,26.057780535618217,69.70208988137745
1625340854.9582744,Room4,26.107420050206596,57.033005045930125
1625340854.9582744,Room5,27.800613837524907,57.71175830521648
1625340855.4605558,Room1,26.634773119783002,60.898662981966595
1625340855.4605558,Room2,26.46854300517051,77.31441001474694
1625340855.4605558,Room3,26.910672047642308,69.85089162448887
1625340855.4605558,Room4,27.896883718633152,66.1769518035942
1625340855.4605558,Room5,28.054851043308204,61.25640789523381
1625340855.974204,Room1,26.776332789116033,66.1524647252661
1625340855.974204,Room2,26.31165060818471,70.90225765594587
1625340855.974204,Room3,27.525452344323845,61.20446654766373
1625340855.974204,Room4,25.915078526843764,72.9199086764552
1625340855.974204,Room5,26.354573966787427,65.58982048846629
1625340856.489591,Room1,25.955092677933155,68.5951961269497
1625340856.489591,Room2,27.732120700334477,66.42561018186575
1625340856.489591,Room3,28.491197247577993,66.95406938819538
1625340856.489591,Room4,26.60003134294562,66.43498342672466
1625340856.489591,Room5,27.110392066043314,62.43829796822597
1625340856.9914522,Room1,26.99406949390359,65.9473023165014
1625340856.9914522,Room2,27.21405155918933,72.90892543493528
1625340856.9914522,Room3,26.666042796911018,68.91085093665865
1625340856.9914522,Room4,26.845777507296493,66.7742683426433
1625340856.9914522,Room5,26.5666208310249,69.5458157629435
1625341094.4776702,Room1,27.47622904140749,57.44750669493206
1625341094.4776702,Room2,26.11598152773189,73.21344515211933
1625341094.4776702,Room3,26.73337874069796,66.1042101371872
1625341094.4776702,Room4,27.324670301490425,62.433556140659704
1625341094.4776702,Room5,26.495435116278916,64.44245016841441
1625341094.9846568,Room1,26.960762134049162,63.663603875283286
1625341094.9846568,Room2,26.58155969730217,61.79043507032351
1625341094.9846568,Room3,27.5653817604254,60.80112998059598
1625341094.9846568,Room4,26.10341537478601,65.18569199677398
1625341094.9846568,Room5,26.82394840723241,66.8416007874019
1625341095.4903462,Room1,27.528845806712344,77.72567235758544
1625341095.4903462,Room2,27.107100029272427,66.41920842927841
1625341095.4903462,Room3,26.197585734664827,69.36426493289846
1625341095.4903462,Room4,27.359713732753214,53.97910976383599
1625341095.4903462,Room5,26.70931615674443,70.0883227569879
1625341096.0046856,Room1,26.605560461781177,65.09489451321234
1625341096.0046856,Room2,26.56740888096632,49.33595910773208
1625341096.0046856,Room3,26.989809891731724,55.93821176779503
1625341096.0046856,Room4,26.589308218367304,67.42227873217944
1625341096.0046856,Room5,26.717544090433098,68.86020255345912
1625341096.5066519,Room1,27.199110473747915,67.84251768321118
1625341096.5066519,Room2,25.616845461694016,59.59820570492877
1625341096.5066519,Room3,27.11923786163582,58.766908540669675
1625341096.5066519,Room4,26.774362180873183,59.4356269623089
1625341096.5066519,Room5,26.945358805067016,70.38057073648658
1625341097.0225759,Room1,26.662046479091497,66.19542346466828
1625341097.0225759,Room2,27.373165398109084,64.61687589552061
1625341097.0225759,Room3,26.04220890277716,63.86973689716305
1625341097.0225759,Room4,26.918568551798938,65.23134347474753
1625341097.0225759,Room5,27.30220038108214,59.16799376957257
1625341097.5246596,Room1,27.894633770031078,66.97066346824883
1625341097.5246596,Room2,27.375354011629618,63.75412038448702
1625341097.5246596,Room3,25.804683354644133,62.97146372549444
1625341097.5246596,Room4,26.018397312378198,62.559356395743606
1625341097.5246596,Room5,25.60416640066683,68.43912022544687
1625341098.043458,Room1,26.879731211109288,61.00526272106704
1625341098.043458,Room2,26.7250380996452,64.214032592296
1625341098.043458,Room3,26.059522796974623,65.49642671001241
1625341098.043458,Room4,26.558140512224938,63.37920756900129
1625341098.043458,Room5,27.363345362027854,69.362506049092
1625341098.5514169,Room1,26.484813110566197,63.73786251888703
1625341098.5514169,Room2,26.5980726232036,68.62879516237945
1625341098.5514169,Room3,27.16693731526688,62.666743837458
1625341098.5514169,Room4,25.410403174502566,70.06232729151007
1625341098.5514169,Room5,26.909764755929764,68.25047089646144
1625341099.0556493,Room1,26.12277067053699,74.33097620498529
1625341099.0556493,Room2,26.27832107764867,55.312005334601835
1625341099.0556493,Room3,25.75261301979034,62.50891913437947
1625341099.0556493,Room4,25.090235006651703,62.91931048280694
1625341099.0556493,Room5,26.451586444748987,64.28678095143978
1625341099.5718815,Room1,27.573211475559674,61.548065392898756
1625341099.5718815,Room2,27.658459130706582,65.67833135269554
1625341099.5718815,Room3,26.97001750430888,58.710840714598255
1625341099.5718815,Room4,26.52404127269242,66.28388926236677
1625341099.5718815,Room5,26.621308586334106,70.11657522300656
1625341100.0846634,Room1,27.096130771859276,57.87575151056319
1625341100.0846634,Room2,26.06850787137209,60.69630902568256
1625341100.0846634,Room3,26.61869581419134,61.451974677289314
1625341100.0846634,Room4,26.789318481545457,63.135091573516284
1625341100.0846634,Room5,26.850918410021855,69.2715533341939
1625341100.5995507,Room1,27.05905688104967,57.31216710362784
1625341100.5995507,Room2,26.3448047756278,68.81401274375123
1625341100.5995507,Room3,26.073158141370758,67.48655572940639
1625341100.5995507,Room4,26.501522613859837,59.41365441937606
1625341100.5995507,Room5,27.65989078931767,62.92609794721928
1625341101.1058555,Room1,25.827244624780917,71.59680437033781
1625341101.1058555,Room2,27.058028857103302,58.65532489990312
1625341101.1058555,Room3,26.460912089305754,64.28813160939815
1625341101.1058555,Room4,27.523233033345228,60.940051245357864
1625341101.1058555,Room5,27.246712457007767,59.73520248149668
1625341101.6112862,Room1,26.756246387458543,60.418081876116155
1625341101.6112862,Room2,26.24235071558735,62.95408154428944
1625341101.6112862,Room3,26.123117354817403,66.93573319923584
1625341101.6112862,Room4,26.693970855906105,68.46517011577706
1625341101.6112862,Room5,28.650264678987007,60.36851282173932
1625341102.1146533,Room1,26.067485774457623,63.301302406745634
1625341102.1146533,Room2,26.731323075010728,67.46163863744228
1625341102.1146533,Room3,27.33155873665915,63.57281995800191
1625341102.1146533,Room4,25.64226988461868,59.11628040213651
1625341102.1146533,Room5,26.66967779340591,67.89790447049306
1625341102.6155686,Room1,26.499265674914874,67.31353774939942
1625341102.6155686,Room2,26.193942047557837,62.62325221136052
1625341102.6155686,Room3,26.493220236753096,65.68244015451388
1625341102.6155686,Room4,26.059284943293708,66.63810937917586
1625341102.6155686,Room5,25.84808841052429,71.60807539842023
1625341103.1228848,Room1,26.804098397464557,64.83801822263607
1625341103.1228848,Room2,27.948129834109714,58.95370085134584
1625341103.1228848,Room3,25.7630317386919,64.64176657382366
1625341103.1228848,Room4,27.091926959408063,61.33866955877137
1625341103.1228848,Room5,26.089799799323703,64.76028244565471
1625341103.6346643,Room1,25.675859433317413,65.39204387062024
1625341103.6346643,Room2,26.02163408424718,74.65556119204258
1625341103.6346643,Room3,26.037881859633565,68.68115118673326
1625341103.6346643,Room4,26.698312926443595,67.24675345882659
1625341103.6346643,Room5,27.016543958925556,72.81236097205405
1625341104.1354985,Room1,26.90461349605896,70.60379992672267
1625341104.1354985,Room2,27.147638484789546,70.01347813402248
1625341104.1354985,Room3,25.77999889351473,66.69603142262187
1625341104.1354985,Room4,26.529472537135565,58.02366778689936
1625341104.1354985,Room5,27.312025705315108,64.28423574779806
1625341104.6495714,Room1,26.629540663837272,63.23483207961174
1625341104.6495714,Room2,26.623481523621212,65.2126826730586
1625341104.6495714,Room3,26.930912978013218,64.18227506002133
1625341104.6495714,Room4,26.90987564569602,62.63421236249046
1625341104.6495714,Room5,26.833955994200277,65.47611851320688
1625341105.1526108,Room1,25.523149379138555,70.08891312620518
1625341105.1526108,Room2,26.271299586861314,74.51515963374602
1625341105.1526108,Room3,25.70277030622226,69.01071433713778
1625341105.1526108,Room4,26.84710842125592,59.9818795051266
1625341105.1526108,Room5,27.323192283805355,70.94434132764945
1625341105.6546552,Room1,26.37235373442767,63.694796630030815
1625341105.6546552,Room2,27.147656847200118,69.94596617607263
1625341105.6546552,Room3,27.17560966569449,63.39829035860758
1625341105.6546552,Room4,26.92124183941225,65.40660316775794
1625341105.6546552,Room5,27.164705367052875,64.93551760018207
1625341106.1651645,Room1,27.663078964211383,79.31794022876917
1625341106.1651645,Room2,28.19725661166791,63.32829638165539
1625341106.1651645,Room3,26.365087707323053,69.47016038359858
1625341106.1651645,Room4,28.03039446968411,71.68219441927184
1625341106.1651645,Room5,27.89875023106125,64.07084585725894
1625341106.6799846,Room1,26.579492867565083,75.48329841125101
1625341106.6799846,Room2,26.422013584136366,58.34548091147796
1625341106.6799846,Room3,27.2198053436572,69.59648227995811
1625341106.6799846,Room4,26.964655503042884,53.13463807062664
1625341106.6799846,Room5,28.53940946423118,63.58430557944284
1625341107.1846535,Room1,25.769277463290006,66.07641459104192
1625341107.1846535,Room2,28.01964985925234,62.37171154006133
1625341107.1846535,Room3,25.70549369281404,67.07570648716437
1625341107.1846535,Room4,25.981612751987782,64.4153998362322
1625341107.1846535,Room5,26.58655835569238,68.40893458865109
1625341107.6946976,Room1,26.167800530036164,63.29302630632294
1625341107.6946976,Room2,26.99343220395969,62.70089855264083
1625341107.6946976,Room3,26.775104769357462,57.0350692822569
1625341107.6946976,Room4,28.16458061662243,61.688738550925514
1625341107.6946976,Room5,26.70735719849944,64.85041407941988
1625341108.2007372,Room1,26.661478554618505,68.3073415375161
1625341108.2007372,Room2,26.36335442487638,68.32729918878667
1625341108.2007372,Room3,27.23059988498146,59.425591706000255
1625341108.2007372,Room4,24.82219583000007,67.7920474393885
1625341108.2007372,Room5,26.444718476073444,64.01937207183056
1625341108.7087796,Room1,26.000395141662406,62.501612057340466
1625341108.7087796,Room2,26.76892750712697,57.035723769503136
1625341108.7087796,Room3,26.96439749814414,49.72809459203092
1625341108.7087796,Room4,27.735978013819935,70.33173614374734
1625341108.7087796,Room5,26.31448824093044,61.54359884082137
1625341109.2119296,Room1,26.639403049981087,65.3848914482098
1625341109.2119296,Room2,26.763228161431186,75.18669085266627
1625341109.2119296,Room3,26.983676292164873,71.26297018871153
1625341109.2119296,Room4,27.63707844422549,57.15516281378208
1625341109.2119296,Room5,27.449519889988636,64.42804386788892
1625341109.7196734,Room1,26.33496792806921,59.10048901858142
1625341109.7196734,Room2,26.840991247627443,57.5596216218785
1625341109.7196734,Room3,27.166814595190253,65.84583242417196
1625341109.7196734,Room4,27.065082768542357,59.671635682326745
1625341109.7196734,Room5,27.230822252811606,62.99572360779925
1625341110.2266252,Room1,26.73790622781246,73.04178294071389
1625341110.2266252,Room2,27.672723858759568,67.0659011167897
1625341110.2266252,Room3,27.09016445582128,75.08373983675799
1625341110.2266252,Room4,26.585135097607278,58.26759135988375
1625341110.2266252,Room5,27.367842043332214,63.79407726139862
1625341110.7287822,Room1,27.109200302987286,63.29034336467955
1625341110.7287822,Room2,26.632019610712458,65.16703914194765
1625341110.7287822,Room3,27.56809561319311,64.26378631641165
1625341110.7287822,Room4,25.82046544015093,66.57865637155041
1625341110.7287822,Room5,27.332823990169004,64.76260548721095
1625341111.230512,Room1,25.66780796190438,63.91511447235021
1625341111.230512,Room2,26.2272543952847,70.6475119543609
1625341111.230512,Room3,27.198726782091917,65.08007514862283
1625341111.230512,Room4,27.295807229885238,71.60226549683088
1625341111.230512,Room5,26.242296391773195,65.94560933361946
1625341111.732655,Room1,26.628591919413168,74.36402645250246
1625341111.732655,Room2,27.42556714553164,62.365728054798275
1625341111.732655,Room3,25.983429864609814,67.16080962636399
1625341111.732655,Room4,26.374264635721133,66.31069222705956
1625341111.732655,Room5,27.3301162633397,56.79587724701184
1625341112.2446246,Room1,25.750764383195197,62.108258234146845
1625341112.2446246,Room2,26.042297531242507,74.57177263222148
1625341112.2446246,Room3,26.996752899957286,47.77235224140717
1625341112.2446246,Room4,27.24460892559891,60.31353218679378
1625341112.2446246,Room5,29.056026476607528,66.39141963262637
1625341112.7455237,Room1,27.14838274928618,60.53174610061896
1625341112.7455237,Room2,27.303080111591207,63.90920393410214
1625341112.7455237,Room3,27.17249361412749,61.95833666271661
1625341112.7455237,Room4,28.557429447069282,55.66446401013449
1625341112.7455237,Room5,25.93750847496252,72.4881395524524
1625341113.2555516,Room1,27.819125476603425,69.41990514971229
1625341113.2555516,Room2,28.230899331098705,69.49796298738522
1625341113.2555516,Room3,27.655402301846458,62.025809324344564
1625341113.2555516,Room4,27.488993285547256,59.86007821118605
1625341113.2555516,Room5,27.55753829041319,69.4595650193592
1625341113.7597265,Room1,27.866909060077514,65.21939730703644
1625341113.7597265,Room2,25.718393232039464,64.20163320191138
1625341113.7597265,Room3,26.719212084518162,65.90887326550649
1625341113.7597265,Room4,27.089465458866027,63.891246113263875
1625341113.7597265,Room5,26.44816055893478,68.60594346687228
1625341114.272649,Room1,25.97422518261487,65.85786100049431
1625341114.272649,Room2,26.637814139293667,64.15675106276201
1625341114.272649,Room3,27.509429693894084,70.81894897653817
1625341114.272649,Room4,25.691543654158323,68.66742107645601
1625341114.272649,Room5,27.36149050701945,58.741127928991425
1625341114.7750688,Room1,27.33455287981718,66.53389203192214
1625341114.7750688,Room2,26.91543583218407,65.79379823367972
1625341114.7750688,Room3,26.97697725364027,66.80030118175077
1625341114.7750688,Room4,26.1738498355135,61.13918423480968
1625341114.7750688,Room5,26.711135729843644,68.77635495686748
1625341115.2896883,Room1,27.394536586610656,64.81139662799487
1625341115.2896883,Room2,26.8756316718772,69.71657448454712
1625341115.2896883,Room3,27.407700319534044,68.92684266631767
1625341115.2896883,Room4,26.606125466435927,66.90864515333773
1625341115.2896883,Room5,25.722430947154248,68.357394740716
1625341115.791916,Room1,26.566866508918935,57.96798390402324
1625341115.791916,Room2,26.573430672030657,58.76170708618777
1625341115.791916,Room3,25.83989869003918,69.93275707814398
1625341115.791916,Room4,27.940980137517677,60.54980576589727
1625341115.791916,Room5,26.07535133204527,77.05231694267958
1625341116.305269,Room1,26.875877837701182,71.45284265854902
1625341116.305269,Room2,25.012142312368628,69.24719314146014
1625341116.305269,Room3,26.359729916997004,78.63743346488106
1625341116.305269,Room4,26.912107827876085,73.40003881822595
1625341116.305269,Room5,25.442470405382224,69.85139010354595
1625341116.806674,Room1,27.194340541071547,62.103657546605405
1625341116.806674,Room2,27.390566683938587,65.30088385974707
1625341116.806674,Room3,27.170284797722182,60.612842074770136
1625341116.806674,Room4,26.43349649193945,66.75198355059631
1625341116.806674,Room5,26.05596279720694,69.95094694521616
1625341117.3167078,Room1,27.446164494655257,68.6038795804846
1625341117.3167078,Room2,28.194243781915986,69.96669049765558
1625341117.3167078,Room3,28.104926063123397,62.308304427217315
1625341117.3167078,Room4,27.973146570610016,65.66529078981961
1625341117.3167078,Room5,25.93898550333025,66.14835618904507
1625341117.824669,Room1,27.248462694069232,70.57871879820988
1625341117.824669,Room2,26.821918951233382,63.12876730219878
1625341117.824669,Room3,27.587518785189204,62.78237699751409
1625341117.824669,Room4,26.841683893835132,68.34110143014688
1625341117.824669,Room5,26.84409224614981,62.00093693209962
1625341118.3256893,Room1,26.69901170511039,73.10086172599532
1625341118.3256893,Room2,26.172270365937518,61.621682660496795
1625341118.3256893,Room3,26.398894683871884,69.66589655840612
1625341118.3256893,Room4,26.421289146498747,59.99721573739519
1625341118.3256893,Room5,26.131582975742596,60.52964637728851
1625341118.8354812,Room1,27.313069883412062,71.17126851260964
1625341118.83648,Room2,26.46288740942771,63.268645033665564
1625341118.83648,Room3,27.960544943065262,62.57128466409007
1625341118.83648,Room4,26.854283074924844,68.4962474818561
1625341118.83648,Room5,26.90632453715674,64.51371811571205
1625341119.339925,Room1,26.307035313834813,64.44209854981392
1625341119.339925,Room2,27.495954345497296,70.52339540952424
1625341119.339925,Room3,26.61864182955218,58.86495611319561
1625341119.339925,Room4,26.109496290276596,66.37321276103863
1625341119.339925,Room5,26.299973585388283,72.79497771117425
1625341119.8547032,Room1,25.30962454243069,73.4170632324296
1625341119.8547032,Room2,26.3239650809966,56.58208579798132
1625341119.8547032,Room3,26.119425459137517,58.8903738911561
1625341119.8547032,Room4,26.72401877179154,62.00746948459069
1625341119.8547032,Room5,26.377379939906113,56.11105665637889
1625341120.3648546,Room1,26.89770700923017,72.73535086215155
1625341120.3648546,Room2,27.759857121176022,66.9645232011887
1625341120.3648546,Room3,27.794601900523503,68.0552314533037
1625341120.3648546,Room4,26.12125994373649,58.681244534886865
1625341120.3648546,Room5,25.948599332211774,57.76097923384927
1625341120.8659215,Room1,27.427363105843277,59.77169166751451
1625341120.8659215,Room2,26.453916630482734,66.18255722900187
1625341120.8659215,Room3,27.12726317400418,66.83408449032547
1625341120.8659215,Room4,26.575379342193056,72.13249974225644
1625341120.8659215,Room5,26.53048995096114,65.02559461988922
1625341121.3810954,Room1,27.776125656585876,67.24784142096124
1625341121.3810954,Room2,26.889665180310075,58.746294487531344
1625341121.3810954,Room3,27.994598759469035,64.31094278307974
1625341121.3810954,Room4,27.369063512784713,64.77862703250588
1625341121.3810954,Room5,26.80582108153761,71.10092543158213
1625341121.8829818,Room1,26.838259200489855,67.28087313373398
1625341121.8829818,Room2,26.371101788120125,63.36313530861014
1625341121.8829818,Room3,26.71959694791518,55.16203715042394
1625341121.8829818,Room4,27.62003254889798,72.19901872431055
1625341121.8829818,Room5,26.318152839126814,64.58274717770313
1625341122.3975675,Room1,27.58393796899699,61.47137294840885
1625341122.3975675,Room2,27.61084831876796,68.94980943054863
1625341122.3975675,Room3,26.044745327614205,61.60418710146997
1625341122.3975675,Room4,25.717851675260047,63.618650373355635
1625341122.3975675,Room5,27.026886999894717,54.161529075695064
1625341122.9065847,Room1,26.126853316279398,70.32183635510445
1625341122.9065847,Room2,26.732663263412594,62.85251712736939
1625341122.9065847,Room3,26.89886761844771,61.653094396730225
1625341122.9065847,Room4,27.150509083249755,62.504431798338885
1625341122.9065847,Room5,27.64857408820165,63.62440839141045
1625341123.4079163,Room1,26.306171484082068,73.5291865236812
1625341123.4079163,Room2,27.500271677184273,61.72967706009118
1625341123.4079163,Room3,27.67048452256574,68.38940255671325
1625341123.4079163,Room4,26.192839093519265,68.81061586143377
1625341123.4079163,Room5,26.56422530767588,61.10548409655722
1625341123.9153435,Room1,25.438895895221584,71.09257277676247
1625341123.9153435,Room2,26.112236088820534,66.66880997749674
1625341123.9153435,Room3,27.026154192136556,64.36189511985728
1625341123.9153435,Room4,26.334871428996728,65.05261654725028
1625341123.9153435,Room5,26.396688816600214,65.5956238817595
1625341124.4189641,Room1,27.456904635942116,67.2458710461103
1625341124.4189641,Room2,27.147934620862983,62.40496876958337
1625341124.4189641,Room3,27.10866668375065,63.511278531717096
1625341124.4189641,Room4,26.366142511397126,76.75170849568073
1625341124.4189641,Room5,28.23887472800947,58.85033115279323
1625341124.931814,Room1,26.505392728881297,69.07600482537094
1625341124.931814,Room2,26.685225622197734,66.59019333026578
1625341124.931814,Room3,26.375468199891653,66.69818393291195
1625341124.931814,Room4,27.925520815912364,58.59163115591221
1625341124.931814,Room5,25.536662112482478,76.64385206399761
1625341125.4350028,Room1,27.216075692936837,61.79048732316728
1625341125.4350028,Room2,27.94014273433632,66.0596391656685
1625341125.4350028,Room3,26.802324319154053,68.91006089910364
1625341125.4350028,Room4,25.99679771400023,64.49886031064159
1625341125.4350028,Room5,26.747728548906483,63.97318479980018
1625341125.936677,Room1,27.24444819864521,57.38583580520773
1625341125.936677,Room2,28.40678385743629,76.22884519106223
1625341125.936677,Room3,27.46872219959615,67.09466490502463
1625341125.936677,Room4,26.280092742724996,66.243362034991
1625341125.936677,Room5,25.376415649241196,67.192019728494
1625341126.4385943,Room1,26.777112394370803,60.78179549923432
1625341126.4385943,Room2,28.20590829899929,61.159401019494254
1625341126.4385943,Room3,27.986860084797122,55.46779969622372
1625341126.4385943,Room4,26.33678207489975,72.32043737234693
1625341126.4385943,Room5,26.28052825924115,62.55538771686859
1625341126.9447877,Room1,26.25121565585721,67.90682167057317
1625341126.9447877,Room2,26.00261791270298,62.586876737717056
1625341126.9447877,Room3,27.973596064291346,67.63141170114505
1625341126.9447877,Room4,27.36329280924435,68.42197900135368
1625341126.9447877,Room5,26.800298637913684,63.535103823157904
1625341127.4459314,Room1,26.706322038950454,68.07294450790206
1625341127.4459314,Room2,26.221922007511623,73.3949607057537
1625341127.4459314,Room3,28.135964535196106,58.913610245537285
1625341127.4459314,Room4,26.76179014689937,69.69318308110562
1625341127.4459314,Room5,28.126351774057614,62.645794007114155
1625341127.9596953,Room1,27.073608193192904,61.94456256243758
1625341127.9596953,Room2,26.75636397458595,69.81360508450047
1625341127.9596953,Room3,26.64509920451057,67.64909680344138
1625341127.9596953,Room4,27.70867399054011,66.11201447598643
1625341127.9596953,Room5,25.078252793461626,63.75947938955632
1625341128.4640942,Room1,26.82624159898277,74.94584405770779
1625341128.4640942,Room2,27.226146943514916,63.24577028626606
1625341128.4640942,Room3,26.19767331898878,74.91968795247118
1625341128.4640942,Room4,25.901984836812947,63.250616533592314
1625341128.4640942,Room5,26.312933922988456,56.864954809557894
1625341128.9747863,Room1,27.308346717234024,62.946668081177705
1625341128.9747863,Room2,27.31875090351618,60.389332165349344
1625341128.9747863,Room3,27.06106779696481,55.1482475337689
1625341128.9747863,Room4,26.25790199898444,63.94376291606801
1625341128.9747863,Room5,25.43990618854336,71.35162530853924
1625341129.4766805,Room1,26.808833626683036,62.107156443235326
1625341129.4766805,Room2,27.5125578788422,57.772827995861654
1625341129.4766805,Room3,26.90546313155229,58.888406173701455
1625341129.4766805,Room4,26.911219708163195,51.75852218296405
1625341129.4766805,Room5,27.717182027617227,75.96140276297444
1625341129.9914422,Room1,27.980368785092573,58.0057855494068
1625341129.9914422,Room2,26.661859308538155,68.81490885165063
1625341129.9914422,Room3,26.12777512183941,60.45130166231527
1625341129.9914422,Room4,26.565152324231388,67.86241303857693
1625341129.9914422,Room5,27.042356984622213,59.20059241550891
1625341130.492667,Room1,26.34933437120758,61.748073902375225
1625341130.492667,Room2,26.916821012014704,62.09700912163682
1625341130.492667,Room3,26.935359954397484,64.44996603175113
1625341130.492667,Room4,27.53012251846553,67.05241353512173
1625341130.492667,Room5,26.75049756399096,63.36583865666249
1625341130.9946742,Room1,25.66072149519809,62.62151799829178
1625341130.9946742,Room2,26.817505674660403,62.37443824563648
1625341130.9946742,Room3,27.208967823477604,55.27809081901565
1625341130.9946742,Room4,28.321988137768003,56.17197814265221
1625341130.9946742,Room5,25.276179676865485,68.28192280503443
1625341131.5097938,Room1,27.240463399526384,66.54537950269243
1625341131.5097938,Room2,27.51052412925689,63.832567636700624
1625341131.5097938,Room3,26.503544025969816,60.05084613972679
1625341131.5097938,Room4,27.852668979732258,70.13049610900538
1625341131.5097938,Room5,27.179481673761835,59.42481372166191
1625341132.024691,Room1,25.994900842319108,67.15209263270984
1625341132.024691,Room2,26.23669556806477,81.50246787282836
1625341132.024691,Room3,25.852592766705833,71.77632446876265
1625341132.024691,Room4,25.982202064618264,58.69893583758643
1625341132.024691,Room5,27.37255217386834,55.45082102054066
1625341132.5263839,Room1,26.73959941249892,71.32677491040833
1625341132.5263839,Room2,26.806047742490303,64.12059239963861
1625341132.5263839,Room3,28.524630048595068,61.65704060373716
1625341132.5263839,Room4,26.989294143847133,58.839268642587044
1625341132.5263839,Room5,27.70231855449479,65.83492249146035
1625341133.0420127,Room1,26.27173193341446,65.79304155676243
1625341133.0420127,Room2,27.208452054649317,66.19011647543903
1625341133.0420127,Room3,28.53455403065739,59.06481963677146
1625341133.0420127,Room4,27.666608240999803,73.63305844207395
1625341133.0420127,Room5,27.665494908277168,59.37584805610149
1625341133.5477796,Room1,27.712418334047044,59.05215439682091
1625341133.5477796,Room2,26.55012978452256,64.49706419677202
1625341133.5477796,Room3,28.069743026370254,59.57225032679128
1625341133.5477796,Room4,25.51530175359871,66.4891892593813
1625341133.5477796,Room5,27.13616212073291,63.05178387060674
1625341134.0546794,Room1,26.990603158156073,63.2725580210144
1625341134.0556805,Room2,27.696648402638303,66.35863029427689
1625341134.0556805,Room3,25.331239009260955,59.478298628612066
1625341134.0556805,Room4,27.524482398411234,68.99661225608263
1625341134.0556805,Room5,27.489687221211888,72.99927518324964
1625341134.5686343,Room1,26.437298475696757,62.87138454185667
1625341134.5686343,Room2,27.558733868952306,65.6786706885406
1625341134.5686343,Room3,26.86511608955267,66.09291332941513
1625341134.5686343,Room4,26.97105632783599,66.84804579109768
1625341134.5686343,Room5,26.758957861391174,60.973551962236165
1625341135.0748227,Room1,26.621089639125167,64.94159948187067
1625341135.0748227,Room2,27.920784505268504,61.43837649781238
1625341135.0748227,Room3,27.044490923779673,71.60286499946952
1625341135.0748227,Room4,26.235988142846338,68.889704542742
1625341135.0748227,Room5,27.34960177056404,63.84396978632126
1625341135.5792217,Room1,26.638829556972663,71.09864620174704
1625341135.5792217,Room2,28.154801475635153,60.697724628737596
1625341135.5792217,Room3,27.761889013981197,64.79481764588272
1625341135.5792217,Room4,25.909593323228357,62.516779780482686
1625341135.5792217,Room5,26.884162244825855,68.74905411055039
1625341136.0848145,Room1,27.183780364836405,70.30514194598403
1625341136.0848145,Room2,25.486333815449385,58.938226326745266
1625341136.0848145,Room3,27.41820592792487,62.8398042589345
1625341136.0848145,Room4,26.80422675680425,68.87578263351274
1625341136.0848145,Room5,27.029435161079032,62.60452740776785
1625341136.5937965,Room1,26.300479468708808,57.277502447831964
1625341136.5937965,Room2,27.28955326157624,65.14497920401665
1625341136.5937965,Room3,26.175962365208964,63.94059453886986
1625341136.5937965,Room4,27.112412185951243,60.808162447065655
1625341136.5937965,Room5,27.92113302072855,69.01957022677641
1625341137.1047924,Room1,27.607228972263204,65.85768643884077
1625341137.1047924,Room2,26.26981061192472,62.50127704215429
1625341137.1047924,Room3,26.90140345370795,73.71445603537063
1625341137.1047924,Room4,25.824628043007202,67.42428311917004
1625341137.1047924,Room5,27.29174871209663,58.03815874571841
1625341137.6063647,Room1,26.53728602417692,65.09171127871853
1625341137.6063647,Room2,26.797438018522932,59.0281242476547
1625341137.6063647,Room3,27.670410872863823,64.247824548003
1625341137.6063647,Room4,26.510842357597024,62.82769176932779
1625341137.6063647,Room5,27.51784912362249,63.53419299397119
1625341138.107365,Room1,28.089749547065676,66.41074981907786
1625341138.107365,Room2,25.92378183656628,72.40509195101252
1625341138.107365,Room3,28.36037124464779,66.69932139676156
1625341138.107365,Room4,28.106237923016852,53.83974286194404
1625341138.107365,Room5,27.157929268654566,69.24547143288602
1625341138.6088371,Room1,25.77412477303092,63.632810545931626
1625341138.6088371,Room2,25.761560339906676,61.051845674751725
1625341138.6088371,Room3,26.113865673727698,66.42695694612178
1625341138.6088371,Room4,26.780516528196905,64.77830561748857
1625341138.6088371,Room5,25.71032561095297,68.35372962280826
1625341139.1149151,Room1,27.677846130115274,67.2862493405145
1625341139.1149151,Room2,27.584539519723286,58.6029701521929
1625341139.1149151,Room3,27.391719005862477,63.253853179924896
1625341139.1149151,Room4,25.739257396493112,60.077696200908626
1625341139.1149151,Room5,28.020850601675306,66.04140882735163
1625341139.6187305,Room1,27.34752847448749,65.46025424558577
1625341139.6187305,Room2,27.5661219872329,62.04387293056231
1625341139.6187305,Room3,26.40154067204716,69.0640547718548
1625341139.6187305,Room4,27.15746670892327,62.83463362406613
1625341139.6187305,Room5,26.772782169449176,65.51715885030555
1625341140.1196961,Room1,26.882329675255505,66.84777921734711
1625341140.1196961,Room2,27.851820096721518,68.79803166284859
1625341140.1196961,Room3,26.929873363450174,65.97846697159913
1625341140.1196961,Room4,25.91480341325709,58.43354361869101
1625341140.1196961,Room5,26.576913960518045,62.17079648252364
1625341140.630709,Room1,26.68485542671971,65.38215674009669
1625341140.630709,Room2,26.152739325109735,72.35998911733647
1625341140.630709,Room3,26.799057245183548,60.13016685217568
1625341140.630709,Room4,28.176592394640945,65.08501505859712
1625341140.630709,Room5,27.8472091387698,60.56563771594794
1625341141.1354825,Room1,26.23603372690967,66.4158966735056
1625341141.1354825,Room2,26.74680436387524,68.69983212778165
1625341141.1354825,Room3,26.438368018080695,72.23437459101144
1625341141.1354825,Room4,27.546269930121746,68.945290801017
1625341141.1354825,Room5,27.095296029942567,60.94456258127402
1625341141.6368535,Room1,27.388186963614526,67.55176113134341
1625341141.6368535,Room2,26.93625889672802,61.38557134135916
1625341141.6368535,Room3,27.432040750518183,61.303575944369065
1625341141.6368535,Room4,27.139746745289177,60.504856401684236
1625341141.6368535,Room5,27.447414578749296,64.06579057848808
1625341142.140881,Room1,27.424261973376726,65.7545416390547
1625341142.140881,Room2,27.088527764326145,64.25593825890451
1625341142.140881,Room3,27.160229351316502,65.39472688425698
1625341142.140881,Room4,26.357309181970052,68.76858278705788
1625341142.140881,Room5,25.81998000306294,61.2713808030957
1625341142.6516795,Room1,27.125985798157572,64.93333011238954
1625341142.6516795,Room2,26.633476834923936,66.25731765436117
1625341142.6516795,Room3,26.5336587815357,65.21025938673895
1625341142.6516795,Room4,27.52599299342496,61.591056949738864
1625341142.6526806,Room5,27.58196776133942,68.04392754670987
1625341143.1653528,Room1,27.298975082286248,63.18367876946175
1625341143.1653528,Room2,26.424908127408823,67.82845036177926
1625341143.1653528,Room3,26.558781313425214,61.264882172477286
1625341143.1653528,Room4,25.510708635087582,56.428365102772396
1625341143.1653528,Room5,26.643235448810287,55.3488113450835
1625341143.6812236,Room1,26.684936042637073,62.69340739854134
1625341143.6812236,Room2,27.57377285048203,73.18665169784364
1625341143.6812236,Room3,26.881450497146254,64.59729975948133
1625341143.6812236,Room4,26.081370576969068,60.161795576870226
1625341143.6812236,Room5,27.149457148897397,64.76369473128545
1625341144.194129,Room1,28.019209621904814,67.76367636619689
1625341144.194129,Room2,27.317953551837995,73.25598610328774
1625341144.194129,Room3,26.106493909260244,65.80255899954311
1625341144.194129,Room4,27.38537577440433,62.94341573469064
1625341144.194129,Room5,27.06290140426054,67.60142628327522
